group,weight
Dogs,42.89332977326468
Dogs,40.68412037247356
Dogs,36.2055860976059
Dogs,34.99846266219533
Dogs,31.929220262996886
Dogs,35.361232664357225
Dogs,36.57774969125721
Dogs,39.84069541755256
Dogs,36.244685989809604
Dogs,38.35403492014177
Dogs,43.84928051652803
Dogs,44.478141717055564
Dogs,36.277510023520136
Dogs,44.314130621353144
Dogs,48.79753078628627
Dogs,52.1653410396433
Dogs,39.93655072705514
Dogs,41.00156968114059
Dogs,37.894081422385284
Dogs,41.63055419404324
Dogs,34.647131742887545
Dogs,38.23837126621618
Dogs,35.469670295731305
Dogs,35.81201900018559
Dogs,48.42562521859167
Dogs,41.053340688986594
Dogs,35.379313777071566
Dogs,42.29298955185783
Dogs,40.62468771061191
Dogs,41.54923624097461
Dogs,31.297521720551757
Dogs,38.99054217800124
Dogs,39.327409248794524
Dogs,50.55140838346786
Dogs,41.421256249555235
Dogs,40.70546554678445
Dogs,39.02758806088341
Dogs,43.67220829625734
Dogs,44.17841385693792
Dogs,25.90643044208562
Dogs,45.9369220373839
Dogs,38.653278016679394
Dogs,32.62020377431635
Dogs,37.72251411511234
Dogs,36.28346285085045
Dogs,45.27264283514332
Dogs,41.741596515869496
Dogs,32.77342529222692
Dogs,40.61506735788287
Dogs,47.377640388697444
Dogs,36.4154352944577
Dogs,43.088163038936365
Dogs,34.874731185758534
Dogs,42.67284200262169
Dogs,37.76955649782877
Dogs,46.88738742643105
Dogs,43.35151535062287
Dogs,40.6003076305276
Dogs,46.77886717548748
Dogs,36.48822070176103
Dogs,47.84203491878539
Dogs,37.570218879468
Dogs,36.88959777116988
Dogs,38.27226603302543
Dogs,41.220552362379586
Dogs,30.299129790168795
Dogs,36.489886369328126
Dogs,35.059987029836385
Dogs,44.05483573336264
Dogs,37.37130000910853
Dogs,35.25755505183398
Dogs,43.67102717528766
Dogs,30.486991303941036
Dogs,42.67897437432678
Dogs,29.39736228468327
Dogs,43.87969273129501
Dogs,40.351476454459245
Dogs,41.3802951743463
Dogs,47.99398788044733
Dogs,42.379189715025234
Dogs,44.61308239522077
Dogs,47.117113716471586
Dogs,40.138241883074336
Dogs,33.784916572546926
Dogs,46.85544975589857
Dogs,38.76257939546472
Dogs,45.66465380279296
Dogs,43.10996652986031
Dogs,37.91708616913887
Dogs,39.192971358835614
Dogs,42.126710757680684
Dogs,43.526783957180655
Dogs,48.00110251334445
Dogs,42.737809432761814
Dogs,40.53652371794486
Dogs,40.86411016016293
Dogs,34.981482855193015
Dogs,33.36873709917516
Dogs,38.312998410131584
Dogs,37.07008269298952
Dogs,51.699003930950695
Dogs,50.096363419458015
Dogs,34.813875938878525
Dogs,36.4881761996618
Dogs,41.34201387981311
Dogs,43.329109970907844
Dogs,42.53922628408263
Dogs,46.610893941928786
Dogs,37.499250831391976
Dogs,37.21234886932987
Dogs,32.4238845155827
Dogs,41.995384906561235
Dogs,46.10780488230895
Dogs,48.31540926296692
Dogs,35.81316459063035
Dogs,45.620249163812886
Dogs,37.46806655640964
Dogs,50.84431454551892
Dogs,32.37930250737323
Dogs,30.158145634545882
Dogs,48.230086633892626
Dogs,39.23366910748425
Dogs,42.17843525835018
Dogs,42.5783643092756
Dogs,38.069595722213656
Dogs,46.48653850433266
Dogs,33.481111371616464
Dogs,36.370399981551294
Dogs,42.21016716872229
Dogs,41.19241833075449
Dogs,31.403907662231795
Dogs,31.316658577705432
Dogs,40.589380956637925
Dogs,37.03033083949103
Dogs,25.656339955959577
Dogs,38.67057516215586
Dogs,35.75769136664062
Dogs,45.594673664428335
Dogs,38.91666177677969
Dogs,37.024226992082056
Dogs,35.50122021861323
Dogs,34.39411064822471
Dogs,47.677805416352136
Dogs,40.088631443124264
Dogs,36.41635772478538
Dogs,33.9304139407902
Dogs,40.40384743455301
Dogs,47.8848207222009
Dogs,36.45882177662316
Dogs,41.69124732805959
Dogs,45.12709879914284
Dogs,41.81430263536495
Dogs,37.402211441300935
Dogs,37.495783774655855
Dogs,31.43858091829925
Dogs,40.34064737327807
Dogs,43.12410933024516
Dogs,42.39649110986762
Dogs,39.61295207398259
Dogs,43.6495639209493
Dogs,39.76446135842827
Dogs,28.24643591253206
Dogs,39.04900304099566
Dogs,33.061450464241965
Dogs,33.926287156705534
Dogs,44.37567288968327
Dogs,42.00624923923281
Dogs,39.418941020453154
Dogs,44.8074115415264
Dogs,48.134253557155375
Dogs,42.683935832467945
Dogs,39.52251943003156
Dogs,45.35843398273533
Dogs,48.82628594424493
Dogs,29.306418971028524
Dogs,45.98102145713206
Dogs,44.25521226645666
Dogs,40.31369401781271
Dogs,33.07870299367643
Dogs,36.60048418403233
Dogs,28.987625861192576
Dogs,42.09664856849282
Dogs,34.03133017065139
Dogs,35.719160647782324
Dogs,36.134694952938965
Dogs,41.697954329881696
Dogs,34.58286824468052
Dogs,36.04872739389337
Dogs,29.89162290035958
Dogs,33.70324949243245
Dogs,38.505292364106936
Dogs,45.591018721128485
Dogs,41.996200136725136
Dogs,34.21040133435646
Dogs,36.08055108471243
Dogs,33.162453036414426
Dogs,35.10928981583848
Dogs,38.82475882878725
Dogs,42.83899858198919
Dogs,38.105790814077764
Dogs,38.34287833689553
Dogs,37.40442259255608
Dogs,35.442941015566745
Dogs,40.305893863175754
Dogs,48.08420558343215
Dogs,39.84143002762486
Dogs,30.680300685607428
Dogs,33.84916703283533
Dogs,41.355973147962644
Dogs,44.089848795495556
Dogs,38.21766782663694
Dogs,30.723756966902492
Dogs,35.31658284661975
Dogs,46.51550680047113
Dogs,38.8349083345022
Dogs,38.77574140507169
Dogs,37.90944566092792
Dogs,43.82815948056127
Dogs,35.512571282813134
Dogs,39.75932181660772
Dogs,42.326391136128485
Dogs,41.8865901242197
Dogs,34.33279380334213
Dogs,40.89110591583684
Dogs,35.03797996255324
Dogs,37.646503151560864
Dogs,40.914788892998224
Dogs,38.332484524637806
Dogs,40.49652417614262
Dogs,41.25007344487735
Dogs,33.52844897449997
Dogs,33.67633216362738
Dogs,45.51233896936736
Dogs,43.75124973256566
Dogs,43.956886269071354
Dogs,40.21931335687636
Dogs,47.62030331136821
Dogs,40.39159459508651
Dogs,40.7182996166486
Dogs,33.76123948268986
Dogs,46.224440171757934
Dogs,40.812714277259914
Dogs,47.76802596428607
Dogs,42.83142062911055
Dogs,37.18432530732703
Dogs,46.665348197649145
Dogs,45.44170422416321
Dogs,44.85372857679512
Dogs,35.70552806717968
Dogs,31.960968553186547
Dogs,40.933348304047996
Dogs,36.35977470893685
Dogs,40.7342357180424
Dogs,45.13965150435628
Dogs,38.95220126415808
Dogs,38.05543965164935
Dogs,39.76772929236726
Dogs,38.77349992432757
Dogs,32.85111258929402
Dogs,40.67363487152281
Dogs,29.37592913600718
Dogs,43.394448844351814
Dogs,32.88474668868518
Dogs,48.891876275729594
Dogs,43.28274044568325
Dogs,46.09353717358418
Dogs,34.42140690962272
Dogs,36.236482111881976
Dogs,44.47396183805644
Dogs,38.0124855168538
Dogs,39.92706089732719
Dogs,35.09132413734143
Dogs,39.40464397176779
Dogs,35.49470128747481
Dogs,34.29347589407524
Dogs,46.482363663388966
Dogs,34.69927214861133
Dogs,39.90503004139462
Dogs,48.40003567966276
Dogs,41.005681590735364
Dogs,37.53009052277591
Dogs,42.73245411087225
Dogs,42.705698442776075
Dogs,42.03917085392092
Dogs,42.26150053788266
Dogs,43.5721527238629
Dogs,40.261429607309296
Dogs,26.278745096069873
Dogs,38.65787222287116
Dogs,38.105804525233374
Dogs,38.055938581995996
Dogs,46.08948206518902
Dogs,39.82832314207929
Dogs,41.36717288330179
Dogs,35.06263331530425
Dogs,38.48744570530004
Dogs,39.199017169190256
Dogs,40.199771052022065
Dogs,33.92994068003862
Dogs,47.660337731602944
Dogs,46.64112959508456
Dogs,39.20092198778516
Dogs,40.567720542351275
Dogs,39.58566348909712
Dogs,39.230742028705116
Dogs,38.08231940062925
Dogs,42.96633956082576
Dogs,41.48320799315028
Dogs,44.83746374151028
Dogs,41.221881312581864
Dogs,43.73151283239547
Dogs,33.20279715137533
Dogs,48.792837668177405
Dogs,44.74365199935821
Dogs,25.519141898658276
Dogs,43.31859620337822
Dogs,39.85121297966082
Dogs,38.44758225766198
Dogs,45.245040306462236
Dogs,35.091576467013375
Dogs,32.36937564202934
Dogs,43.44425301162282
Dogs,38.63431100595672
Dogs,39.27161087222993
Dogs,41.38169991257641
Dogs,38.66317882219055
Dogs,30.951885137242073
Dogs,34.92772652569997
Dogs,35.348682204431775
Dogs,39.15954520129456
Dogs,43.238938343283095
Dogs,39.83507807549008
Dogs,38.618562210888406
Dogs,44.25977417503944
Dogs,48.71065771375454
Dogs,42.40218205371772
Dogs,44.90395833655465
Dogs,41.50328204404738
Dogs,40.95222479111863
Dogs,39.47496605694736
Dogs,36.79743044279543
Dogs,38.97871676630645
Dogs,39.31454932944907
Dogs,45.94316647346207
Dogs,39.93740573759842
Dogs,42.801057378293066
Dogs,47.19373020499559
Dogs,35.879928250788495
Dogs,45.208973457661
Dogs,43.606514671294065
Dogs,50.298791395295126
Dogs,33.568754496472415
Dogs,35.277540158433524
Dogs,46.76603957351454
Dogs,44.98290860725015
Dogs,40.5671807637424
Dogs,44.097994539920506
Dogs,45.08142539440436
Dogs,46.09030852751493
Dogs,34.44500632043429
Dogs,48.757647523730284
Dogs,39.32086132277139
Dogs,35.06825920143819
Dogs,44.4124155393863
Dogs,37.09611286885335
Dogs,42.49218895510373
Dogs,45.63987636134821
Dogs,39.822119292542354
Dogs,35.904207387532445
Dogs,44.40290205864597
Dogs,50.82228198227878
Dogs,42.80284736895745
Dogs,37.609021676458894
Dogs,32.94441375119674
Dogs,35.99383689208703
Dogs,36.17203731068854
Dogs,36.87237245695828
Dogs,44.92275617799949
Dogs,45.03597615961285
Dogs,35.99300948428526
Dogs,46.895671797171296
Dogs,46.70502755209368
Dogs,37.21787936282698
Dogs,39.99719952399033
Dogs,34.80714404019445
Dogs,48.08391924294293
Dogs,42.834030427999664
Dogs,32.680625863640735
Dogs,40.285280597449514
Dogs,45.47010254164562
Dogs,56.60027220260369
Dogs,38.136893178589744
Dogs,33.535048858321325
Dogs,31.548389923623837
Dogs,36.82918344978413
Dogs,45.831293021581885
Dogs,34.583982284320115
Dogs,44.120810719929075
Dogs,35.74991494686487
Dogs,38.93882355458044
Dogs,40.01518861229952
Dogs,41.74340075812845
Dogs,37.702759131689625
Dogs,41.06717650120561
Dogs,28.60139188820997
Dogs,44.66938394086907
Dogs,40.82724803985683
Dogs,37.27608124814368
Dogs,41.47096215758654
Dogs,41.815849459569
Dogs,46.86670650297264
Dogs,36.510026268708536
Dogs,39.124512220400895
Dogs,39.97341968138149
Dogs,43.83373343485145
Dogs,40.84136124020939
Dogs,31.736204322782164
Dogs,41.505834009335096
Dogs,41.677853223634344
Dogs,41.27827654292913
Dogs,45.20383371539964
Dogs,35.703334995247005
Dogs,41.56197491541462
Dogs,34.379707371978505
Dogs,44.14087902798
Dogs,38.866280848388264
Dogs,41.22045780468958
Dogs,36.18553420104784
Dogs,42.495639480180145
Dogs,50.71031891205845
Dogs,39.4804721675659
Dogs,33.12538360676735
Dogs,39.74399638133534
Dogs,37.32823983178493
Dogs,29.685731141865283
Dogs,36.64616208566047
Dogs,38.43171427751058
Dogs,47.10613512579306
Dogs,39.39539380670503
Dogs,31.399825636130732
Dogs,48.67052432542552
Dogs,51.26533828413406
Dogs,39.33847022398426
Dogs,37.74824899105637
Dogs,36.48958075388127
Dogs,33.06191262753244
Dogs,40.80562675826756
Dogs,39.38193904653766
Dogs,40.87299813335693
Dogs,39.63550918380329
Dogs,31.860739438092075
Dogs,29.46136420136342
Dogs,42.700078221054625
Dogs,51.028898864524415
Dogs,39.11912061209671
Dogs,42.629454668358335
Dogs,39.80977391743882
Dogs,49.96557470249829
Dogs,38.59836013254037
Dogs,36.595191619717454
Dogs,37.60249476508506
Dogs,43.21616031544385
Dogs,38.85149919022136
Dogs,45.40930341287488
Dogs,40.429228346859645
Dogs,40.29016156896056
Dogs,46.5724573553916
Dogs,46.905556922546005
Dogs,41.13808396878258
Dogs,43.470775731689784
Dogs,43.14302431414766
Dogs,43.23110922466709
Dogs,39.1130878052101
Dogs,41.5321240145942
Dogs,32.35678423066038
Dogs,43.91116593049263
Dogs,44.27922660821304
Dogs,42.47243512450308
Dogs,39.20315463281682
Dogs,34.50064940450238
Dogs,34.7353676188273
Dogs,37.71600864520695
Dogs,35.600701971677495
Dogs,41.21088152399855
Dogs,45.33634019067772
Dogs,36.62280449014085
Dogs,47.10696871820554
Dogs,43.24087108236937
Dogs,36.185731847466634
Dogs,44.137553409971204
Dogs,36.42646609573371
Dogs,43.537022795508854
Dogs,38.675891302905754
Dogs,35.682920502765064
Dogs,45.78046277523624
Dogs,49.44268650796056
Dogs,49.88607915249527
Dogs,41.108340650053584
Dogs,35.399431106288844
Dogs,31.076332219587304
Dogs,39.15425454579573
Dogs,41.12114283388865
Dogs,47.07190176783166
Dogs,35.79671689568194
Dogs,47.48165305237219
Dogs,47.48964494349377
Dogs,38.85225441671762
Dogs,41.20602590496584
Dogs,46.76137922181073
Dogs,42.73716743347754
Dogs,30.63837413373958
Dogs,39.56992660834142
Dogs,36.08308338257821
Dogs,45.07543703633234
Dogs,35.094074498465524
Dogs,47.75939329505368
Dogs,38.75793280675323
Dogs,42.91136832489656
Dogs,39.942836198757114
Dogs,44.45686055673238
Dogs,41.19500687509019
Dogs,40.214972362093434
Dogs,49.59799587191735
Dogs,41.04166435257607
Dogs,37.49731483642251
Dogs,38.10774252180914
Dogs,34.05946059608179
Dogs,48.50462674470844
Dogs,36.18872824647981
Dogs,45.777993044939514
Dogs,32.789532147241964
Dogs,38.09990731477737
Dogs,44.753875823949585
Dogs,47.99178828462127
Dogs,30.82991636203467
Dogs,39.118054685669776
Dogs,41.862618746747884
Dogs,37.761544223722076
Dogs,42.94686390949965
Dogs,34.69447213345414
Dogs,38.92376827132347
Dogs,44.23885286262998
Dogs,45.10927136900317
Dogs,42.47421847482074
Dogs,47.40882824980716
Dogs,51.79349020638732
Dogs,33.70292798609311
Dogs,41.435795186793904
Dogs,33.439077631543086
Dogs,37.039572198787035
Dogs,42.20573058655402
Dogs,42.01131935322552
Dogs,43.174997076044846
Dogs,36.90964623122043
Dogs,34.82954597662798
Dogs,29.79562333446534
Dogs,36.47971068182102
Dogs,39.19156041220513
Dogs,34.59886384410624
Dogs,36.14416101348136
Dogs,38.33369708825525
Dogs,41.74203615473751
Dogs,41.03137621197443
Dogs,36.09563962089646
Dogs,38.38493999879592
Dogs,45.69389979836444
Dogs,31.695096957602306
Dogs,37.4651865770651
Dogs,41.53081645004865
Dogs,36.672976308253574
Dogs,35.706911275674415
Dogs,43.32247498301974
Dogs,48.71474940643577
Dogs,31.726073879034313
Dogs,37.54773971029975
Dogs,42.63750742198696
Dogs,46.313947072998964
Dogs,35.83352935113275
Dogs,46.163256826067844
Dogs,41.13830803328437
Dogs,33.243569964987636
Dogs,36.171639149629385
Dogs,43.356159267846614
Dogs,45.135184836980024
Dogs,43.556160314515274
Dogs,40.609456251741
Dogs,35.626803445920544
Dogs,40.85146088314572
Dogs,48.676556707242995
Dogs,40.759180912756804
Dogs,33.56059513358896
Dogs,45.53287918805198
Dogs,37.77010325532613
Dogs,46.957802136799
Dogs,37.011132628264306
Dogs,48.158254652214815
Dogs,35.28714631061141
Dogs,50.40601518775985
Dogs,38.333564698952415
Dogs,33.90763946771746
Dogs,45.72511433141942
Dogs,43.63078260790622
Dogs,42.41622200770374
Dogs,35.4968645473022
Dogs,48.54177811064399
Dogs,36.38849513365469
Dogs,33.17409607673429
Dogs,34.22793967973053
Dogs,40.60185465064455
Dogs,39.018281159731444
Dogs,45.890102822414704
Dogs,32.92243896608597
Dogs,47.40163137428243
Dogs,40.359766746218604
Dogs,43.47518576332304
Dogs,48.2399415482238
Dogs,37.178082160164706
Dogs,38.82986661634788
Dogs,43.53777819926631
Dogs,34.67804608591866
Dogs,41.91085402065227
Dogs,34.94077355024255
Dogs,45.01848510713066
Dogs,35.36316366851719
Dogs,39.44694276502197
Dogs,34.26401321196502
Dogs,30.858547024856062
Dogs,41.72902790256442
Dogs,38.412189473958996
Dogs,42.9409898605027
Dogs,42.871021596943926
Dogs,36.474306133157306
Dogs,42.86726594967638
Dogs,37.0292814628365
Dogs,27.931897867326427
Dogs,36.218216636856965
Dogs,39.012423651970046
Dogs,41.367525938636035
Dogs,45.829932978546196
Dogs,42.38392621437088
Dogs,42.29886849970295
Dogs,37.25369495853002
Dogs,45.937610548486305
Dogs,42.01975110551811
Dogs,46.09450976733399
Dogs,40.752416132640086
Dogs,27.03484123526497
Dogs,43.516924612165795
Dogs,36.76408470235021
Dogs,40.680361991476396
Dogs,45.28416111222484
Dogs,47.66606119841544
Dogs,44.70517614472548
Dogs,38.792767928784286
Dogs,42.77542853757684
Dogs,39.09199727177358
Dogs,35.31202755166317
Dogs,44.8133448021227
Dogs,40.76767316731537
Dogs,30.839334606399184
Dogs,30.529540508136648
Dogs,30.651972400111447
Dogs,35.950423622357384
Dogs,44.744868935541675
Dogs,45.74895802473507
Dogs,37.61852499044617
Dogs,29.33149309773172
Dogs,37.007122617153264
Dogs,43.5402234596444
Dogs,37.97938338021906
Dogs,53.67989206953692
Dogs,32.835443901920556
Dogs,32.38750931983692
Dogs,41.78538826532295
Dogs,40.9516612099305
Dogs,37.757492192821715
Dogs,37.49783855159304
Dogs,35.440008243700596
Dogs,40.532909719777315
Dogs,43.09334432135863
Dogs,37.1183112348582
Dogs,38.41880307110062
Dogs,28.770801249933832
Dogs,26.881614303494175
Dogs,40.37528186474134
Dogs,29.03034271326421
Dogs,36.32852221570818
Dogs,44.39387342837709
Dogs,36.00014362524786
Dogs,44.859500040587086
Dogs,38.729992740575106
Dogs,37.11323623865868
Dogs,42.20495976845771
Dogs,38.1975264964978
Dogs,43.43620332682225
Dogs,38.335522616235366
Dogs,45.605993662742705
Dogs,37.20172773649784
Dogs,47.18089167654732
Dogs,40.037336806330195
Dogs,32.12802979436336
Dogs,37.764588322868946
Dogs,47.42762739204672
Dogs,37.35281797923879
Dogs,36.63285428972886
Dogs,41.583004668879475
Dogs,37.86634375220764
Dogs,44.55242178344342
Dogs,37.5959312108652
Dogs,45.37295710039099
Dogs,46.3602526597653
Dogs,46.09313815546549
Dogs,38.17733570818649
Dogs,47.797978013082314
Dogs,38.8487844018363
Dogs,35.798252675598206
Dogs,49.93673791224817
Dogs,44.35777525138259
Dogs,35.75519105881075
Dogs,40.73932982358334
Dogs,42.99394802932634
Dogs,51.46804410717405
Dogs,44.5833286251859
Dogs,35.259580082221966
Dogs,45.5049216095418
Dogs,32.35330394546939
Dogs,27.159897843542552
Dogs,42.830195350342166
Dogs,36.98401529484116
Dogs,41.52312391838945
Dogs,43.26576718977617
Dogs,37.9813290406643
Dogs,36.22895204770895
Dogs,37.11334026184448
Dogs,45.92132788620781
Dogs,44.6605791886298
Dogs,26.797849085562497
Dogs,45.89745386073908
Dogs,32.318399964070764
Dogs,52.346302686152654
Dogs,40.765105271794525
Dogs,36.129669913701704
Dogs,39.05094954214891
Dogs,28.737364115724965
Dogs,37.647628810965905
Dogs,40.523919442064496
Dogs,37.43894826225652
Dogs,44.87876327059565
Dogs,38.52596888917568
Dogs,50.364222739723694
Dogs,44.37714978781755
Dogs,32.56357785398524
Dogs,42.09350679411973
Dogs,34.97126054476327
Dogs,48.953898101541725
Dogs,38.873946656161344
Dogs,36.054599646928594
Dogs,42.24810122553297
Dogs,44.99652246337915
Dogs,45.44795606584384
Dogs,44.006258247847484
Dogs,41.22976261334463
Dogs,38.89258012239297
Dogs,49.85672338625828
Dogs,36.39506710447899
Dogs,39.94902726332082
Dogs,33.968530278668446
Dogs,37.219116732087585
Dogs,46.86054514933534
Dogs,37.06132479667883
Dogs,36.72658297638968
Dogs,44.38855769521212
Dogs,43.9059952826765
Dogs,39.808571291669956
Dogs,33.01739977999215
Dogs,42.00379162301499
Dogs,41.0124604663325
Dogs,49.42198929214532
Dogs,43.87382683830857
Dogs,40.0523170352963
Dogs,45.99261659380784
Dogs,37.99843381423426
Dogs,25.18809979457638
Dogs,36.604962371202156
Dogs,35.248904341990354
Dogs,35.39569359864193
Dogs,34.02102795894757
Dogs,40.476993848681616
Dogs,38.033646806132765
Dogs,39.3407593042522
Dogs,47.577033273466796
Dogs,48.146275427059905
Dogs,30.883025315573484
Dogs,37.73550672861249
Dogs,42.59611000131201
Dogs,49.07095749518754
Dogs,39.39510913897293
Dogs,34.92638975527579
Dogs,37.790877626173916
Dogs,37.70543891521261
Dogs,50.911382475269704
Dogs,43.484033056589354
Dogs,42.10446719725866
Dogs,38.791831392678624
Dogs,32.721321614426365
Dogs,42.06147806070913
Dogs,39.18355876758024
Dogs,32.24431981055191
Dogs,37.10488342226704
Dogs,39.22946977642627
Dogs,40.89964219183658
Dogs,43.45452135551064
Dogs,40.09077054438162
Dogs,39.19255190738245
Dogs,40.53322699533074
Dogs,39.50769784167917
Dogs,40.154071831493034
Dogs,32.29726899264288
Dogs,31.551239653274223
Dogs,29.55120529917526
Dogs,39.79099167525574
Dogs,47.35280222398731
Dogs,33.24169149016737
Dogs,40.398242574243596
Dogs,38.24941690047872
Dogs,43.974756338757444
Dogs,36.28949571529688
Dogs,33.36471876258984
Dogs,48.82393625267126
Dogs,46.53423923430128
Dogs,42.40791455537798
Dogs,42.8773438901221
Dogs,46.65444473819934
Dogs,44.274502477354766
Dogs,35.39889973891637
Dogs,44.17646248249736
Dogs,35.82741677877347
Dogs,49.77071658967906
Dogs,46.00055024104965
Dogs,31.83492014496409
Dogs,41.16586724131966
Dogs,32.479788778554145
Dogs,31.369720393631912
Dogs,52.3955790658475
Dogs,36.40331991631354
Dogs,35.96406870970647
Dogs,43.858323405181096
Dogs,39.30845644660428
Dogs,33.17572704779698
Dogs,40.69588384570535
Dogs,51.26953586658267
Dogs,41.68937410282298
Dogs,38.79122088329322
Dogs,39.33675954056818
Dogs,43.89571590656353
Dogs,39.842781749282885
Dogs,46.66618308059344
Dogs,46.415639912987835
Dogs,39.27240772891615
Dogs,48.321265294694655
Dogs,35.571670428628124
Dogs,28.54321970169132
Dogs,38.910678983743665
Dogs,34.10639761992845
Dogs,34.480959521514706
Dogs,34.561253067600624
Dogs,37.789156974422795
Dogs,40.99401612435582
Dogs,39.02096991896593
Dogs,35.593372558818146
Dogs,40.110116830198024
Dogs,36.62623258486059
Dogs,38.05721390876391
Dogs,42.806126622538095
Dogs,41.19847906753416
Dogs,37.834751097625634
Dogs,31.739993061977298
Dogs,39.64222995844596
Dogs,39.35170411644961
Dogs,36.35895526764581
Dogs,36.92450070991484
Dogs,39.832596007262886
Dogs,41.98284283573908
Dogs,43.31521933111072
Dogs,39.97918899882051
Dogs,48.3358459809857
Dogs,46.78685075478743
Dogs,40.36375498655907
Dogs,29.51509638554032
Dogs,37.76771277830322
Dogs,36.663444977469155
Dogs,35.67273608732506
Dogs,51.87028336082176
Dogs,41.13147332128523
Dogs,39.966523117981204
Dogs,41.32446855413382
Dogs,38.204015116438136
Dogs,41.47259772082858
Dogs,34.80751510967548
Dogs,37.74237345047709
Dogs,40.03198425457319
Dogs,37.38845807258278
Dogs,36.64437639522392
Dogs,33.83696261522311
Dogs,42.846383388056424
Dogs,42.65156184663181
Dogs,30.26617358903422
Dogs,31.799145354516
Dogs,50.074329223565044
Dogs,40.19707616045463
Dogs,42.665367298031015
Dogs,37.79343506198507
Dogs,40.97049272465563
Dogs,41.807946657881914
Dogs,51.93236396060656
Dogs,41.062452942446214
Dogs,38.06396613797204
Dogs,45.93509353036764
Dogs,36.96605141430237
Dogs,34.730280491098306
Dogs,47.20167337851889
Dogs,30.110762975362583
Dogs,37.24896868662504
Dogs,39.38377700214304
Dogs,26.211899483248086
Dogs,38.28523727626144
Dogs,37.07979582582447
Dogs,41.36237588989554
Dogs,42.54447804081017
Dogs,43.779089552557025
Dogs,44.31744500571307
Dogs,31.749388650678313
Dogs,33.66454272202684
Dogs,35.256953850236876
Dogs,36.79849298420854
Dogs,44.89945881005941
Dogs,37.402832830488414
Dogs,28.65948642961917
Dogs,41.69946372394393
Dogs,41.98366861594412
Dogs,40.59186288710315
Dogs,30.516363086381443
Dogs,30.601821017395366
Dogs,35.18811817586302
Dogs,38.65331233778762
Dogs,42.75108506415728
Dogs,45.3860681554386
Dogs,49.63550622149047
Dogs,49.42112969834932
Dogs,31.3562057163542
Dogs,40.173867212677514
Dogs,45.32478835238228
Dogs,39.44046812288466
Dogs,31.282765608805512
Dogs,48.79223194378765
Dogs,35.38191983936789
Dogs,39.61469820851646
Dogs,41.70620794857976
Dogs,43.37569530660019
Dogs,30.62848939078003
Dogs,42.34310832379192
Dogs,36.02113036681746
Dogs,36.99247319305175
Dogs,38.49882681096253
Dogs,40.126071856720564
Dogs,39.17618855317978
Dogs,35.57537034180993
Dogs,39.052973681731885
Dogs,44.521461673482634
Dogs,48.77545026326234
Dogs,34.53949958464133
Dogs,39.2008685614002
Dogs,43.73219302768203
Dogs,40.79440198342137
Dogs,37.693062419778215
Dogs,34.479362254610294
Dogs,29.807870231044586
Dogs,43.47528993236206
Dogs,36.183652155598324
Dogs,37.6041618511434
Dogs,44.5991597682442
Dogs,35.422117337684746
Dogs,36.77962110337613
Dogs,34.78023399639957
Dogs,42.15501341479235
Dogs,35.5764041339257
Dogs,37.658408620488885
Dogs,41.69695546480243
Dogs,39.928648285627865
Dogs,35.14672048377429
Dogs,45.18275122217784
Dogs,37.42255468866724
Dogs,34.86963187382911
Dogs,45.61949737406493
Dogs,32.00241490230327
Dogs,40.081707838250374
Dogs,36.578369544529664
Dogs,39.88185508360559
Dogs,39.513768034615936
Dogs,39.012712067807264
Cats,54.050766043596674
Cats,58.322943235181114
Cats,61.89590291681505
Cats,59.233533103857425
Cats,61.48477796893463
Cats,57.30679549195178
Cats,54.67299182709052
Cats,56.55936973944056
Cats,58.43207515374031
Cats,59.71681013908239
Cats,57.09868327103965
Cats,57.241109299249395
Cats,59.96695251490281
Cats,61.68173282842304
Cats,58.91043866025759
Cats,62.31023437461827
Cats,57.62540852385582
Cats,57.79295924853195
Cats,60.53364795080376
Cats,62.857113684246855
Cats,55.892627181931864
Cats,60.282822284983446
Cats,57.651096663863136
Cats,56.169673448158584
Cats,65.22188059056145
Cats,59.96199126181839
Cats,64.4039006449371
Cats,64.60945114350001
Cats,62.84632302612613
Cats,55.71022890005946
Cats,57.489316010606174
Cats,59.218896865527284
Cats,57.6587106770801
Cats,61.7330704234354
Cats,58.42167394587167
Cats,62.53123946248006
Cats,64.31273093892096
Cats,59.15932407695013
Cats,56.87683156570294
Cats,59.499091737248655
Cats,57.4310008549494
Cats,59.545079634230554
Cats,61.702312125555416
Cats,62.78512773329803
Cats,56.801353870876014
Cats,63.694105952069975
Cats,58.82312207468292
Cats,52.043646996897984
Cats,64.37449936930497
Cats,60.677338392218374
Cats,61.91402149780657
Cats,59.57496974466682
Cats,62.438912550462035
Cats,60.67529521823871
Cats,61.276449303734346
Cats,65.37939156861424
Cats,60.20337090720386
Cats,60.5109567359348
Cats,55.74697248397977
Cats,63.154040508787325
Cats,61.73141772403026
Cats,58.930587606453244
Cats,59.97726905588812
Cats,64.60408537545922
Cats,60.00168024493767
Cats,58.464250445209416
Cats,65.43425866361801
Cats,56.086995947794385
Cats,55.86885299809443
Cats,57.26245569449658
Cats,62.30729172898374
Cats,60.61290491500469
Cats,57.56556667818359
Cats,58.37284576459422
Cats,58.674652508048496
Cats,55.57664622317171
Cats,61.0343736545361
Cats,64.10379938310163
Cats,62.9954116643775
Cats,61.49397560228632
Cats,59.70670366572127
Cats,55.99173265915716
Cats,63.90354496525177
Cats,55.21603388912363
Cats,65.98671473320073
Cats,57.2606581393999
Cats,63.348848838607545
Cats,56.644496224959106
Cats,59.248360331641656
Cats,61.67859895440879
Cats,60.24814997760244
Cats,59.27062130061267
Cats,56.437360590149524
Cats,59.87248368152337
Cats,61.043722441712355
Cats,62.28606286147169
Cats,57.65243976132552
Cats,55.94356454455339
Cats,60.02960317905617
Cats,59.450707406050775
Cats,58.92710528075353
Cats,53.741402879301354
Cats,64.515040198162
Cats,56.47986589690955
Cats,62.20335021170319
Cats,61.84841798089285
Cats,62.54317182087884
Cats,62.63375198692831
Cats,55.10366259018253
Cats,57.905949882457605
Cats,54.7508104740251
Cats,63.170641904955865
Cats,58.80504589659044
Cats,60.33673288687002
Cats,65.12128364076335
Cats,61.0024949703113
Cats,62.6684798214448
Cats,56.43794034026119
Cats,59.7053845671911
Cats,62.95553262180534
Cats,57.17015067463709
Cats,63.54286948701757
Cats,67.95765565448394
Cats,66.43882898514686
Cats,59.326228987681866
Cats,52.71650271037008
Cats,62.7759099732616
Cats,56.12619010532792
Cats,60.379478001370806
Cats,59.76364655600406
Cats,60.34098118680324
Cats,58.29308665047996
Cats,58.86050557619142
Cats,57.594371371022085
Cats,59.73242873267816
Cats,55.65482125682159
Cats,56.24526172937934
Cats,65.74007136068448
Cats,60.18497438114556
Cats,59.8257727286412
Cats,65.94791787871044
Cats,57.64856059192072
Cats,60.47743323302669
Cats,65.28396939154209
Cats,57.9002853510498
Cats,62.499177649943285
Cats,58.130058775641785
Cats,57.91855706051228
Cats,62.429421703686124
Cats,58.74005326743869
Cats,59.09824392628698
Cats,58.730143657042
Cats,67.18556041362824
Cats,60.59390431671664
Cats,55.80103899300057
Cats,56.41256188465479
Cats,62.35556780546485
Cats,60.58484337721558
Cats,59.222100804305725
Cats,59.93991773278457
Cats,58.607536335121424
Cats,65.27228785287049
Cats,61.543797379551314
Cats,64.26651070619312
Cats,58.44353745141993
Cats,54.95420403736084
Cats,58.12666476408175
Cats,59.332186890196844
Cats,56.529932700835204
Cats,56.0362528448763
Cats,56.93497034389381
Cats,61.60396151725413
Cats,63.67331828935723
Cats,57.34941777318984
Cats,66.8600287697165
Cats,62.320213998191306
Cats,56.38701221585033
Cats,60.59029675722181
Cats,60.51613328202815
Cats,59.49335899452456
Cats,64.12561638700892
Cats,64.48760255082502
Cats,64.77734911628156
Cats,60.66627445679482
Cats,64.65054505373318
Cats,61.117148370291616
Cats,62.69959401371501
Cats,66.66401270288009
Cats,54.89403538837353
Cats,61.13429890117959
Cats,62.632726893678615
Cats,59.40627500096215
Cats,53.99005010919798
Cats,62.214831709780725
Cats,60.38631973435014
Cats,56.995808310591244
Cats,59.36138974983227
Cats,60.62921024007026
Cats,59.827719977451146
Cats,61.555823009320335
Cats,61.925386734849745
Cats,54.67886295855289
Cats,63.4942859939691
Cats,56.87030827766629
Cats,62.850674741549604
Cats,58.917524004882495
Cats,57.83344529739452
Cats,56.96916060747262
Cats,61.88214193416206
Cats,59.007451028581464
Cats,60.45378837486473
Cats,52.7294852487645
Cats,59.429997883456146
Cats,55.274860548171745
Cats,57.61258319954266
Cats,58.562364629960435
Cats,63.0984458844997
Cats,59.83098067768575
Cats,63.32922521740389
Cats,60.56831815145753
Cats,54.790988177748865
Cats,57.73479228194574
Cats,62.842246046062385
Cats,61.524706985757376
Cats,62.707181785147895
Cats,60.625394752573264
Cats,61.20740374745867
Cats,60.2541632160054
Cats,63.34710552097742
Cats,56.708897253248395
Cats,56.89375928401786
Cats,60.151281938914664
Cats,61.41151081552613
Cats,56.295705447907814
Cats,58.686468294063815
Cats,63.67960150300542
Cats,65.5966155898662
Cats,55.43273323347662
Cats,56.24533645150999
Cats,57.761798523977944
Cats,58.383382739412774
Cats,62.66820248584979
Cats,59.446464293093364
Cats,58.74599003925593
Cats,57.64308810132794
Cats,61.73219664976553
Cats,60.11908509112445
Cats,59.457896213286475
Cats,57.49189482610442
Cats,61.68573031559557
Cats,60.69465699895405
Cats,64.08294301978687
Cats,56.98321237572149
Cats,62.123018249369196
Cats,63.391254970767186
Cats,61.110960831463736
Cats,57.204252949570865
Cats,61.98485595774405
Cats,55.38403175593221
Cats,56.46085572564546
Cats,61.6644180587568
Cats,57.575943080529
Cats,60.03986440580418
Cats,61.4211938366565
Cats,54.607139913167856
Cats,60.02300205641101
Cats,59.003572494564594
Cats,64.95253007059438
Cats,57.958887380272806
Cats,59.100207972241606
Cats,59.1952608194263
Cats,60.67443962330801
Cats,57.38095065868576
Cats,62.31071966911555
Cats,53.94805750121779
Cats,63.011762924557395
Cats,61.962812001428624
Cats,59.24576795874125
Cats,61.37870165314194
Cats,61.798656760188976
Cats,62.87550343230043
Cats,61.00057665246896
Cats,59.54678861071331
Cats,56.24303001047766
Cats,59.19434619763478
Cats,53.6342507939569
Cats,59.391921498856476
Cats,62.96195299428442
Cats,56.614806601635166
Cats,60.87105933302964
Cats,61.72138400702597
Cats,62.95170597027023
Cats,56.32103743079721
Cats,59.219982051274386
Cats,56.35671206400912
Cats,63.52984415327815
Cats,57.590960626740525
Cats,65.44476089257006
Cats,64.52601291704458
Cats,62.14626037630724
Cats,61.14187695396463
Cats,60.73371344759913
Cats,60.606557428714304
Cats,61.460476409530706
Cats,60.90246703228577
Cats,59.504238416787125
Cats,56.93871007572286
Cats,58.30800786203882
Cats,60.76618804551944
Cats,55.43976770386802
Cats,55.199935919873894
Cats,62.32991414531895
Cats,60.76315656585542
Cats,59.37463771843054
Cats,61.25507644796726
Cats,60.779932028065865
Cats,62.917177905974015
Cats,60.64543508280056
Cats,55.63759854713573
Cats,58.55215722542749
Cats,58.324453742999154
Cats,55.087414100971564
Cats,62.13780868835287
Cats,57.92895962014201
Cats,59.67836691511587
Cats,58.19057732091472
Cats,62.29278235854943
Cats,63.82877684632711
Cats,61.82526105126185
Cats,66.09752114929067
Cats,53.409956569929115
Cats,59.2778439486909
Cats,60.0366146570427
Cats,59.36920541952432
Cats,58.421251789188304
Cats,55.67187145985853
Cats,58.1378657356561
Cats,56.75668463089963
Cats,58.90275535679528
Cats,60.202100327853174
Cats,61.6104880774668
Cats,60.9141182087957
Cats,63.77091217771602
Cats,52.08732449379388
Cats,60.208155922242746
Cats,61.83996891515196
Cats,62.605116853016355
Cats,57.045938636847204
Cats,57.6396071668156
Cats,55.35742957038187
Cats,62.93023059514866
Cats,63.15013435265301
Cats,62.89652335120194
Cats,57.51931221032662
Cats,59.00568830678005
Cats,62.78904216522926
Cats,58.724432799021464
Cats,55.578844984429445
Cats,59.7299095496344
Cats,61.83332699717925
Cats,58.38601318221118
Cats,63.70118303179673
Cats,62.263779971619506
Cats,55.99458582801205
Cats,58.52560714788114
Cats,56.05555968690786
Cats,58.46501199488604
Cats,56.996444734221654
Cats,57.706557838188644
Cats,60.689567286156276
Cats,60.84952460971312
Cats,62.95135479860953
Cats,58.30940964718843
Cats,55.93560444785406
Cats,61.703044574768
Cats,54.41384336820148
Cats,56.613770863005094
Cats,61.98735301708672
Cats,60.1575418087298
Cats,63.98140041115111
Cats,64.21295171856849
Cats,58.27481765678206
Cats,60.18263298238738
Cats,58.55734623111839
Cats,56.460493909935295
Cats,65.11922618097807
Cats,60.153122504794084
Cats,54.443966984075175
Cats,60.59371806457979
Cats,60.32441916942894
Cats,58.904250654855424
Cats,60.28973101454962
Cats,60.033622032369884
Cats,58.313523680756106
Cats,56.18630950966117
Cats,58.97459832947728
Cats,59.761868567540866
Cats,59.444337018929566
Cats,62.57523327582499
Cats,64.15651729380173
Cats,58.41622495834614
Cats,59.68600978197801
Cats,63.02518648908599
Cats,62.55132525956631
Cats,59.93473191435137
Cats,61.82274780278707
Cats,59.04148735719659
Cats,57.735491391450715
Cats,58.032416796172654
Cats,61.61335721967402
Cats,61.80310315056107
Cats,60.090310945393995
Cats,62.96675039063248
Cats,61.254235038531775
Cats,59.4971671084409
Cats,57.4268165446924
Cats,60.590361569845726
Cats,61.19769438287495
Cats,58.20709423707767
Cats,60.880441939114355
Cats,60.50173649039601
Cats,56.54105650869537
Cats,60.5161557384624
Cats,61.466199709114576
Cats,58.28785902111845
Cats,55.572382130343996
Cats,61.50264643027132
Cats,58.88970317891392
Cats,56.25805184262823
Cats,57.99419218466189
Cats,61.41340853003134
Cats,56.374788345513224
Cats,55.4799436429965
Cats,62.58265912409473
Cats,58.37146144588664
Cats,53.357270578646016
Cats,63.26096082568979
Cats,62.340151521305714
Cats,60.17381679844563
Cats,61.41609707724698
Cats,60.17182384863779
Cats,59.40699344116393
Cats,58.951396450835496
Cats,57.017576433585006
Cats,57.96479200202745
Cats,63.2952474352498
Cats,55.999340325615684
Cats,65.86614470202653
Cats,59.83101141777652
Cats,60.13454368994695
Cats,62.37758470283398
Cats,59.49962254220686
Cats,61.68110198254311
Cats,64.25022565557211
Cats,58.08315246280304
Cats,62.265761153532374
Cats,57.47786210878423
Cats,61.44459400728335
Cats,57.31414776700553
Cats,61.880396198562146
Cats,65.3459707789877
Cats,60.56473277950295
Cats,59.890283561429094
Cats,59.44383963251039
Cats,57.449821974595594
Cats,58.479605195643686
Cats,60.962061542965074
Cats,61.62698013150248
Cats,59.93450612462707
Cats,57.903436033695804
Cats,61.80444739737956
Cats,60.27142333959317
Cats,56.38251761025012
Cats,59.682403282916354
Cats,63.69900178695727
Cats,54.9088809866924
Cats,57.44932606279305
Cats,61.09906730866953
Cats,60.7565149940188
Cats,58.02466093989844
Cats,54.5973269661817
Cats,59.96834019361664
Cats,57.560628388775534
Cats,58.50185024941503
Cats,60.40860981305862
Cats,62.2932926329618
Cats,56.6632985634644
Cats,64.83839505973734
Cats,65.8130082123705
Cats,55.95481894398082
Cats,61.89292308989985
Cats,60.7024484683699
Cats,58.367322510268856
Cats,59.26740758087843
Cats,58.5921159528676
Cats,60.89489485574632
Cats,55.37973344339344
Cats,55.73889195040705
Cats,56.89040051098918
Cats,61.51550460088833
Cats,24.659983022817638
Cats,23.89448970896604
Cats,19.66452282065548
Cats,18.465880881068763
Cats,24.587770227869786
Cats,21.888602798258262
Cats,20.337135166241314
Cats,21.928312453438654
Cats,22.10857417469918
Cats,22.027712367396653
Cats,21.140662450717475
Cats,16.368873409380946
Cats,20.918549302700765
Cats,21.733248976531925
Cats,21.613258991149824
Cats,16.39520288336051
Cats,26.154051473888266
Cats,18.049594927654905
Cats,17.018324831324257
Cats,20.20151032714403
Cats,20.542332315802796
Cats,23.934595336491576
Cats,20.457295279123812
Cats,24.506797450260233
Cats,18.319901485224058
Cats,13.573113742581228
Cats,21.00786661828713
Cats,22.004105072471802
Cats,14.719797187411967
Cats,19.78185673158936
Cats,21.06614231332136
Cats,23.148190914598757
Cats,17.339516663138067
Cats,18.910082669019392
Cats,17.938986990493355
Cats,21.825153274843743
Cats,23.31770468339273
Cats,17.67817491370504
Cats,21.126972278790614
Cats,15.448252278883821
Cats,24.090557427374733
Cats,14.721120224043412
Cats,18.163282513741446
Cats,22.873537827644935
Cats,20.629016332608792
Cats,15.96873166233389
Cats,16.47893458558507
Cats,18.42099484462443
Cats,12.607148436390379
Cats,20.337931810592885
Cats,21.67297783016887
Cats,22.81177022946376
Cats,19.5534792696296
Cats,16.829905872487533
Cats,23.122477137629595
Cats,18.735465237678223
Cats,18.73142454851271
Cats,18.1115694039171
Cats,21.03796103595217
Cats,22.512618637074993
Cats,19.708793812844462
Cats,24.50639691049548
Cats,22.295880108045306
Cats,22.08229947154375
Cats,18.684951610025884
Cats,18.312428369731848
Cats,19.463511992439592
Cats,21.04020003992793
Cats,24.75505882927225
Cats,18.82003803463828
Cats,24.766663638911684
Cats,21.140258217086064
Cats,19.69429244911245
Cats,22.73354168686381
Cats,20.77203093304725
Cats,22.252260607609372
Cats,22.351877023009944
Cats,21.343753852271618
Cats,16.087005111182183
Cats,15.233425716254734
Cats,21.53238923726761
Cats,24.054713696019547
Cats,22.958801017474407
Cats,19.581058097717516
Cats,18.90311887448191
Cats,18.47662976062409
Cats,23.559511284520475
Cats,18.891116444943414
Cats,18.418604545143808
Cats,22.97758121830986
Cats,19.690228879315917
Cats,16.29829057463942
Cats,24.06942752666771
Cats,18.627117009320678
Cats,17.45761420840703
Cats,21.746246788080207
Cats,23.554699062983776
Cats,22.75992703262625
Cats,15.015373877182382
Cats,16.524870445774685
Cats,20.79287723460073
Cats,21.04723754844353
Cats,17.49116261919751
Cats,19.12538444243006
Cats,20.13738740112905
Cats,17.691353359258844
Cats,18.665079508558822
Cats,23.70295501548544
Cats,17.998651411332673
Cats,10.990871783042786
Cats,21.128705704373694
Cats,22.216604916054642
Cats,24.353400720629534
Cats,17.507504649310775
Cats,24.03005811690372
Cats,22.276506432908562
Cats,23.30793588545037
Cats,18.928453418845884
Cats,16.545488149590653
Cats,22.53586720693783
Cats,16.727292698166384
Cats,17.341498911015755
Cats,20.708629152493547
Cats,16.757589531512483
Cats,25.512933773912092
Cats,11.672535917861227
Cats,23.946414899273062
Cats,23.25961900433358
Cats,13.214061121727223
Cats,22.952154765301426
Cats,19.10245582627357
Cats,20.250995627400535
Cats,21.63478761977854
Cats,25.343445164144438
Cats,15.727044217266048
Cats,21.16517713232259
Cats,21.36159353029112
Cats,21.158908109442642
Cats,21.540281290535077
Cats,18.487112599107498
Cats,15.351722835302137
Cats,19.82933547846586
Cats,20.861974808294068
Cats,18.13903500176226
Cats,20.361938994538484
Cats,16.784012872777826
Cats,19.073505217201163
Cats,19.66420449845572
Cats,24.2749208789068
Cats,23.377838010833816
Cats,20.977363713223593
Cats,19.129362793648067
Cats,14.919239842961947
Cats,17.88224339665204
Cats,20.033726533156525
Cats,20.456576985382657
Cats,21.07804861130531
Cats,20.05859121872971
Cats,19.537877276701725
Cats,17.102823851447972
Cats,15.942108468226369
Cats,23.531472926121314
Cats,23.142527498343608
Cats,26.27805978328434
Cats,21.810489040717922
Cats,21.398209587839126
Cats,21.766563683309403
Cats,19.918210797809916
Cats,20.028507422089064
Cats,21.45596826801596
Cats,18.246841608229147
Cats,27.463713811592495
Cats,20.792040201493258
Cats,13.820454241886367
Cats,22.55753525616071
Cats,18.892372047954634
Cats,19.499081971139116
Cats,18.142497675653846
Cats,21.57269381783759
Cats,16.23911408835427
Cats,23.801869659751777
Cats,21.183212098552563
Cats,19.500827548833744
Cats,19.348687717924594
Cats,24.302138023943588
Cats,22.951164921044644
Cats,18.047253115427402
Cats,18.706056070320983
Cats,20.923045051188573
Cats,17.202959165128103
Cats,18.268155505788457
Cats,17.262392606481242
Cats,21.637857359057367
Cats,18.76006193751495
Cats,19.918941580097524
Cats,18.36541489818442
Cats,19.397602520873246
Cats,20.902867100097392
Cats,22.56360134512473
Cats,15.494596723908852
Cats,20.88643152052782
Cats,19.621531773111705
Cats,19.210810033940106
Cats,17.642719994662524
Cats,21.33164574018003
Cats,19.509895909464706
Cats,23.78572089673105
Cats,15.286313310882644
Cats,19.847909749894956
Cats,19.994526136324424
Cats,24.404418008590554
Cats,24.83829914256178
Cats,26.065678659700517
Cats,21.362699301979752
Cats,15.513475614784241
Cats,16.74714478232052
Cats,19.153478650571962
Cats,19.126101050082237
Cats,17.16660054655686
Cats,22.928250478475157
Cats,20.8170580152879
Cats,17.51013557381692
Cats,20.64563602599059
Cats,18.21194677952027
Cats,18.775304759537224
Cats,21.756441777973315
Cats,22.503757651042875
Cats,19.9133135496152
Cats,17.323444311118116
Cats,23.782021320622658
Cats,15.789380343445632
Cats,18.820093966057573
Cats,19.08358849911649
Cats,16.89585195623765
Cats,18.990985231884725
Cats,19.958670876258605
Cats,22.077019179204818
Cats,19.75640549374197
Cats,20.70687817100131
Cats,17.412407832457735
Cats,21.55837998409861
Cats,17.668702086185142
Cats,28.759170482266143
Cats,16.388648240417155
Cats,21.707797859604135
Cats,18.097929048876384
Cats,19.984845249464005
Cats,24.132355596130992
Cats,22.44730086605803
Cats,18.272124931756807
Cats,20.3487578742414
Cats,15.891982515746937
Cats,20.621761456106075
Cats,20.732812986481115
Cats,15.139111717635851
Cats,20.777842885608816
Cats,20.757601296326307
Cats,23.536913511184547
Cats,19.038538568805905
Cats,21.383016294936972
Cats,21.90734522027374
Cats,12.609067097758157
Cats,19.05663963027951
Cats,16.433531808753386
Cats,21.955510600750447
Cats,22.34159720229158
Cats,19.305129184901965
Cats,19.198891647254424
Cats,24.052616153838663
Cats,21.0458998043461
Cats,21.626796249667038
Cats,23.185172906716307
Cats,19.460181214900313
Cats,13.62045342930706
Cats,14.78619593409966
Cats,22.658510753713003
Cats,26.931765769504388
Cats,23.85218314582268
Cats,24.331904303036687
Cats,21.343426708737812
Cats,20.465526716848718
Cats,21.078636368084023
Cats,17.082187359798326
Cats,20.53826352142069
Cats,23.041125878228268
Cats,19.756180517541182
Cats,16.98116290227613
Cats,21.92391443664655
Cats,15.835125628478758
Cats,17.662400695591035
Cats,20.836090405130022
Cats,21.199579783915762
Cats,23.76339403291999
Cats,24.524223926796218
Cats,24.589361463716212
Cats,21.95130111994377
Cats,18.7355561121211
Cats,24.567914689665074
Cats,23.645549964324285
Cats,17.341723338094386
Cats,21.404409992475703
Cats,21.583539694940907
Cats,19.514183826778208
Cats,15.73413440453029
Cats,23.216234063852106
Cats,24.204896789437374
Cats,19.746978131340544
Cats,16.13830513185257
Cats,23.12293984703132
Cats,20.27131139458836
Cats,25.372248315716583
Cats,21.245777108319285
Cats,24.48573749106373
Cats,18.654733459825717
Cats,24.648138694304627
Cats,18.93267993690985
Cats,21.715754299961404
Cats,19.006957753213385
Cats,21.61427416656537
Cats,20.239014745591373
Cats,18.578950384400716
Cats,21.817537574151984
Cats,17.81956497900575
Cats,18.915866402593508
Cats,20.222928565835364
Cats,26.546858382433967
Cats,13.131464345322984
Cats,20.530782361131678
Cats,24.19642416085714
Cats,25.85603089157109
Cats,17.46623575575837
Cats,16.20242516480824
Cats,18.16090835726
Cats,20.41974998558021
Cats,15.122476998520394
Cats,19.650463704420826
Cats,19.633748256519073
Cats,17.06051377974818
Cats,22.809908061495026
Cats,15.491982061528555
Cats,18.855414919285693
Cats,14.588204117656534
Cats,26.495930962427543
Cats,21.106925686018347
Cats,19.172605375760085
Cats,22.678783711102216
Cats,17.96103002328865
Cats,13.796146425461204
Cats,22.821257289515202
Cats,24.671453428859984
Cats,25.273472048166695
Cats,16.270244894092702
Cats,21.886834712415897
Cats,22.440175863476995
Cats,18.819020887900376
Cats,21.88877140262788
Cats,15.767710453343371
Cats,17.63133121226748
Cats,25.671959641931895
Cats,22.425039832624165
Cats,21.528724600002107
Cats,22.297000169303686
Cats,20.31993987749883
Cats,21.07512295384043
Cats,21.975305617791765
Cats,18.629496904635054
Cats,16.10385814174512
Cats,24.21307823028451
Cats,17.08417939212196
Cats,19.355613924315932
Cats,22.801480804723916
Cats,20.98451757997583
Cats,17.699401842696464
Cats,18.350120119922096
Cats,22.296578360966443
Cats,19.47139037433126
Cats,20.220901302903997
Cats,21.75617393701669
Cats,17.04462324174964
Cats,24.257419094665693
Cats,23.506844094232907
Cats,22.711169996564635
Cats,17.260805486149867
Cats,14.900223563766506
Cats,23.552714555006038
Cats,15.60857626816195
Cats,18.67307593163598
Cats,20.426317216783417
Cats,16.9584783375918
Cats,20.219302841395553
Cats,21.865077229958757
Cats,15.851678147502785
Cats,19.497717449667892
Cats,21.17332244872872
Cats,16.15629583228229
Cats,18.40815184938262
Cats,19.518119067444008
Cats,19.429820947121126
Cats,20.606890048922462
Cats,17.585947107938974
Cats,18.01174031851448
Cats,21.072415972871976
Cats,18.542792903838212
Cats,15.956590234016506
Cats,20.96004973959995
Cats,22.919389749534787
Cats,24.253688672196116
Cats,19.40571579699478
Cats,22.272378970739624
Cats,19.69823999736099
Cats,22.809422421740535
Cats,19.53758501456775
Cats,17.056943779811697
Cats,20.43271383724921
Cats,17.905271645052785
Cats,19.839650409783772
Cats,16.78657060462758
Cats,17.31692466225589
Cats,20.060113060557626
Cats,24.520669498790422
Cats,19.57651627575724
Cats,18.562349358101553
Cats,17.337349648427605
Cats,16.757172060368816
Cats,16.825329460690106
Cats,20.2705174040952
Cats,23.155744483353406
Cats,22.988877080965423
Cats,22.493838800255958
Cats,23.54761198851013
Cats,22.320854483703172
Cats,17.845518370933565
Cats,19.337541747100147
Cats,19.285850148307155
Cats,22.423598797562416
Cats,18.718212014386882
Cats,25.390446716314027
Cats,18.23020147079861
Cats,19.898797152333675
Cats,21.72167204582499
Cats,15.071377840928935
Cats,21.749478907227807
Cats,24.952177453986835
Cats,21.683242157090067
Cats,22.26248497647397
Cats,18.924432908764125
Cats,17.893433795757364
Cats,21.234797068915366
Cats,20.587555082425542
Cats,23.880686163724803
Cats,21.16617527716401
Cats,21.211882402429715
Cats,23.21165966907394
Cats,20.894603999134237
Cats,19.962231451647586
Cats,20.03961247547507
Cats,21.14451558333832
Cats,11.449369612290782
Cats,18.347480190067028
Cats,19.939786201036696
Cats,20.91796497546403
Cats,16.693352254712362
Cats,21.81468082238041
Cats,21.073535468053567
Cats,24.82460281962725
Cats,16.8469669600753
Cats,21.683630859120754
Cats,20.393503448006935
Cats,18.733404373175212
Cats,22.50276479474644
Cats,19.498237438472145
Cats,28.13708780023299
Cats,17.70733398293524
Cats,18.57952780434803
Cats,22.62297326015937
Cats,21.094356394944214
Cats,19.999728634853636
Cats,15.71965407567366
Cats,20.465916698534055
Cats,22.55911621374606
Cats,18.856593614593038
Cats,18.156184119136025
Cats,17.411085889651538
Cats,22.167109829725284
Cats,19.98489795308588
Cats,15.311740951268844
Cats,19.15570500364263
Cats,18.19983276240037
Cats,19.85596825709378
Cats,20.24478250613807
Cats,20.1182701477653
Cats,21.58835684224076
Cats,19.492376086703075
Cats,23.026954138602015
Cats,26.571009260746116
Cats,21.066714724376038
Cats,21.7261024754745
Cats,17.84731814364981
Cats,22.94230658828643
Cats,23.30037915022458
